<!--
The markup in NativeScript apps contains a series of user interface components, each
of which NativeScript renders with a platform-specific iOS or Android native control.
You can find a full list of user interface components you can use in your app at
https://docs.nativescript.org/ui/components.
-->
<Page xmlns="http://schemas.nativescript.org/tns.xsd" navigatingTo="onNavigatingTo">
    <!--
    The ActionBar is the NativeScript common abstraction over the Android ActionBar and iOS NavigationBar.
    http://docs.nativescript.org/ui/action-bar
    -->
    <ActionBar title="Master Mind" icon="">
        <ActionItem android.systemIcon="ic_menu_info_details" android.position="right" tap="{{onHelpButtonTap}}" ios.position="left"></ActionItem>
    </ActionBar>


    <!--
    The StackLayout stacks UI components on the screen—either vertically or horizontally.
    In this case, the StackLayout does vertical stacking; you can change the stacking to
    horizontal by applying a orientation="horizontal" attribute to the <StackLayout> element.
    You can learn more about NativeScript layouts at
    https://docs.nativescript.org/ui/layout-containers.

    These components make use of the NativeScript core theme, which styles them with element selectors.
    The theme also provides a set of helper class names such as p-20, h1, h2, and text-center to enhance styling.
    You can learn more about the NativeScript core theme at https://github.com/nativescript/theme
    -->
    <ScrollView>
    <ScrollView orientation="horizontal" >
    <StackLayout class="p-20">
        <StackLayout orientation="horizontal">
            <!-- <Button text="Start" color="black" backgroundColor="white" tap="{{onStart}}"></Button> -->
            <Button text="Start a new game" color="black" backgroundColor="white" tap="{{restart}}" id="startGame"></Button>
           

        </StackLayout>
        <StackLayout id="game" visibility="collapsed">

        
        <StackLayout orientation="horizontal">
            <Label  text="Choose to show code:"/>
        <Switch horizontalAlignment="left" loaded="{{switchLoaded}}" ></Switch>
        </StackLayout>
        <GridLayout visibility="collapsed" id="code" rows="auto,auto,auto,auto,auto,auto,auto,auto,auto,auto,auto,auto,auto,auto" columns="50,50, 50,50, 50" >
            <Label col="0" text="Code:"/> <Label row="0" id ="c1" col="1"  width="20" height ="20" backgroundColor="gray" horizontalAlignment="left" borderRadius="15"/> <Label col="2" id ="c2" row="0"  width="20" height ="20" backgroundColor="gray" horizontalAlignment="left" borderRadius="15"/> <Label col="3" id ="c3" row="0"  width="20" height ="20" backgroundColor="gray" horizontalAlignment="left" borderRadius="15" /><Label col="4" id ="c4" row="0"  width="20" height ="20" backgroundColor="gray" horizontalAlignment="left" borderRadius="15"/>
         </GridLayout>
        <Label  text="Tap to choose color:"/>
        <GridLayout rows="auto, auto" columns="40,40, 40,40,40,40" >
            
            <Button row="1" col="0" text="" horizontalAlignment="left" backgroundColor="red" width="30" height="30" tap="{{onColorTap}}"/><Button row="1" col="1" text=""  horizontalAlignment="left" backgroundColor="yellow" width="30" height="30" tap="{{onColorTap}}"/><Button  row="1" col="2" text=""  horizontalAlignment="left" backgroundColor="green" width="30" height="30" tap="{{onColorTap}}"/><Button  row="1" col="3" text=""  horizontalAlignment="left" backgroundColor="blue" width="30" height="30" tap="{{onColorTap}}" /><Button row="1" col="4" text=""  horizontalAlignment="left" backgroundColor="white" width="30" height="30" tap="{{onColorTap}}"/>
            <Button row="1" col="5" text=""  horizontalAlignment="left" backgroundColor="orange" width="30" height="30" tap="{{onColorTap}}"/>
        </GridLayout>
        
        
        <GridLayout rows="auto,auto,auto,auto,auto,auto,auto,auto,auto,auto,auto,auto,auto" columns="50,50, 50,50, 150" >
            <Label row="1" id ="11" col="0" text="" height ="12" width="12" backgroundColor="gray" horizontalAlignment="left" borderColor="black" borderRadius="8"/> <Label col="1" id ="12" row="1" text="" height="12" width="12" backgroundColor="gray" horizontalAlignment="left"  borderRadius="8"/> <Label col="2" id ="13" row="1" text="" height="12" width="12" backgroundColor="gray" horizontalAlignment="left" borderRadius="8" /><Label col="3" id ="14" row="1"  width="12" height ="12" backgroundColor="gray" horizontalAlignment="left" borderRadius="8" /><Label col="4" id ="feed1" row="1" text="" textWrap="true" />
            <Label row="2" id ="21" col="0" width="12" height ="12" backgroundColor="gray" horizontalAlignment="left" borderRadius="8" /> <Label col="1" id ="22" row="2" width="12" text="" height ="12" backgroundColor="gray" horizontalAlignment="left" borderRadius="8" /> <Label col="2" id ="23" row="2" width="12" height ="12" backgroundColor="gray" horizontalAlignment="left" borderRadius="8" /><Label col="3" id ="24" row="2" width="12" height ="12" backgroundColor="gray" horizontalAlignment="left" borderRadius="8" /><Label text="" col="4" id ="feed2" row="2" textWrap="true" />
            <Label row="3" id ="31" col="0" width="12" height ="12" backgroundColor="gray" horizontalAlignment="left" borderRadius="8" /> <Label col="1" id ="32" row="3" width="12" height ="12" backgroundColor="gray" horizontalAlignment="left" borderRadius="8"  /> <Label col="2" id ="33" row="3"  width="12" height ="12" backgroundColor="gray" horizontalAlignment="left" borderRadius="8"/><Label col="3" id ="34" row="3" width="12" height ="12" backgroundColor="gray" horizontalAlignment="left" borderRadius="8"  /><Label text="" col="4" id ="feed3" row="3" textWrap="true"  />
            <Label row="4" id ="41" col="0" width="12" height ="12" backgroundColor="gray" horizontalAlignment="left" borderRadius="8" /> <Label col="1" id ="42" row="4" width="12" height ="12" backgroundColor="gray" horizontalAlignment="left" borderRadius="8"  /> <Label col="2" id ="43" row="4" width="12" height ="12" backgroundColor="gray" horizontalAlignment="left" borderRadius="8" /><Label col="3" id ="44" row="4" width="12" height ="12" backgroundColor="gray" horizontalAlignment="left" borderRadius="8" /><Label text="" col="4" id ="feed4" row="4" textWrap="true" />
            <Label row="5" id ="51" col="0" width="12" height ="12" backgroundColor="gray" horizontalAlignment="left" borderRadius="8"  /> <Label col="1" id ="52" row="5" width="12" height ="12" backgroundColor="gray" horizontalAlignment="left"  borderRadius="8"/> <Label col="2" id ="53" row="5" width="12" height ="12" backgroundColor="gray" horizontalAlignment="left" borderRadius="8"  /><Label col="3" id ="54" row="5" width="12" height ="12" backgroundColor="gray" horizontalAlignment="left" borderRadius="8" /><Label text="" col="4" id ="feed5" row="5" textWrap="true" />
            <Label row="6" id ="61" col="0"  width="12" height ="12" backgroundColor="gray" horizontalAlignment="left" borderRadius="8"/> <Label col="1" id ="62" row="6"  width="12" height ="12" backgroundColor="gray" horizontalAlignment="left" borderRadius="8"/> <Label col="2" id ="63" row="6"  width="12" height ="12" backgroundColor="gray" horizontalAlignment="left" borderRadius="8"/><Label col="3" id ="64" row="6"  width="12" height ="12" backgroundColor="gray" horizontalAlignment="left" borderRadius="8"/><Label text="" col="4" id ="feed6" row="6" textWrap="true"  />
            <Label row="7" id ="71" col="0"  width="12" height ="12" backgroundColor="gray" horizontalAlignment="left" borderRadius="8"/> <Label col="1" id ="72" row="7"  width="12" height ="12" backgroundColor="gray" horizontalAlignment="left" borderRadius="8"/> <Label col="2" id ="73" row="7"  width="12" height ="12" backgroundColor="gray" horizontalAlignment="left" borderRadius="8"/><Label col="3" id ="74" row="7"  width="12" height ="12" backgroundColor="gray" horizontalAlignment="left" borderRadius="8"/><Label text="" col="4" id ="feed7" row="7" textWrap="true" />
            <Label row="8" id ="81" col="0"  width="12" height ="12" backgroundColor="gray" horizontalAlignment="left" borderRadius="8"/> <Label col="1" id ="82" row="8"  width="12" height ="12" backgroundColor="gray" horizontalAlignment="left" borderRadius="8"/> <Label col="2" id ="83" row="8"  width="12" height ="12" backgroundColor="gray" horizontalAlignment="left" borderRadius="8"/><Label col="3" id ="84" row="8"  width="12" height ="12" backgroundColor="gray" horizontalAlignment="left" borderRadius="8" /><Label text=""  col="4" id ="feed8" row="8" textWrap="true" />
            <Label row="9" id ="91" col="0"  width="12" height ="12" backgroundColor="gray" horizontalAlignment="left" borderRadius="8"/> <Label col="1" id ="92" row="9"  width="12" height ="12" backgroundColor="gray" horizontalAlignment="left" borderRadius="8"/> <Label col="2" id ="93" row="9"  width="12" height ="12" backgroundColor="gray" horizontalAlignment="left" borderRadius="8"/><Label col="3" id ="94" row="9"  width="12" height ="12" backgroundColor="gray" horizontalAlignment="left" borderRadius="8"/><Label text="" col="4" id ="feed9" row="9" textWrap="true" />
            <Label row="10" id ="101" col="0"  width="12" height ="12" backgroundColor="gray" horizontalAlignment="left" borderRadius="8"/> <Label col="1" id ="102" row="10"  width="12" height ="12" backgroundColor="gray" horizontalAlignment="left" borderRadius="8"/> <Label col="2" id ="103" row="10"  width="12" height ="12" backgroundColor="gray" horizontalAlignment="left" borderRadius="8"/><Label col="3" id ="104" row="10"  width="12" height ="12" backgroundColor="gray" horizontalAlignment="left" borderRadius="8"/><Label text="" col="4" id ="feed10" row="10" textWrap="true" />
            <Label row="11" id ="111" col="0"  width="12" height ="12" backgroundColor="gray" horizontalAlignment="left" borderRadius="8"/> <Label col="1" id ="112" row="11"  width="12" height ="12" backgroundColor="gray" horizontalAlignment="left" borderRadius="8"/> <Label col="2" id ="113" row="11"  width="12" height ="12" backgroundColor="gray" horizontalAlignment="left" borderRadius="8"/><Label col="3" id ="114" row="11"  width="12" height ="12" backgroundColor="gray" horizontalAlignment="left" borderRadius="8"/><Label text="" col="4" id ="feed11" row="11" textWrap="true" />
            <Label row="12" id ="121" col="0"  width="12" height ="12" backgroundColor="gray" horizontalAlignment="left" borderRadius="8"/> <Label col="1" id ="122" row="12"  width="12" height ="12" backgroundColor="gray" horizontalAlignment="left" borderRadius="8"/> <Label col="2" id ="123" row="12"  width="12" height ="12" backgroundColor="gray" horizontalAlignment="left" borderRadius="8"/><Label col="3" id ="124" row="12"  width="12" height ="12" backgroundColor="gray" horizontalAlignment="left" borderRadius="8"/><Label text="" col="4" id ="feed12" row="12" textWrap="true" />
            
        </GridLayout>
    </StackLayout>
   
        <!-- <Button text="Submit" color="black" backgroundColor="white" ></Button> -->
    </StackLayout>
</ScrollView>
</ScrollView>
</Page>
